Image Name,Image Size,Last Modification Date
Ecological-Medium-Fat-Milk_001.jpg,0.03 MB,Mon Aug 21 23:44:40 2023
Ecological-Medium-Fat-Milk_002.jpg,0.02 MB,Mon Aug 21 23:44:40 2023
Ecological-Medium-Fat-Milk_003.jpg,0.03 MB,Mon Aug 21 23:44:40 2023
Ecological-Medium-Fat-Milk_004.jpg,0.02 MB,Mon Aug 21 23:44:40 2023
Ecological-Medium-Fat-Milk_005.jpg,0.03 MB,Mon Aug 21 23:44:40 2023
Medium-Fat-Milk_001.jpg,0.02 MB,Mon Aug 21 23:44:40 2023
Medium-Fat-Milk_002.jpg,0.02 MB,Mon Aug 21 23:44:40 2023
Medium-Fat-Milk_003.jpg,0.03 MB,Mon Aug 21 23:44:40 2023
Medium-Fat-Milk_004.jpg,0.02 MB,Mon Aug 21 23:44:40 2023
Standard-Milk_001.jpg,0.03 MB,Mon Aug 21 23:44:40 2023
Standard-Milk_002.jpg,0.02 MB,Mon Aug 21 23:44:40 2023
Standard-Milk_003.jpg,0.02 MB,Mon Aug 21 23:44:40 2023
Standard-Milk_004.jpg,0.02 MB,Mon Aug 21 23:44:40 2023
Standard-Milk_005.jpg,0.02 MB,Mon Aug 21 23:44:40 2023
Ecological-Medium-Fat-Milk_001.jpg,0.03 MB,Mon Aug 21 23:44:40 2023
Ecological-Medium-Fat-Milk_002.jpg,0.03 MB,Mon Aug 21 23:44:40 2023
Ecological-Medium-Fat-Milk_003.jpg,0.02 MB,Mon Aug 21 23:44:40 2023
Ecological-Medium-Fat-Milk_004.jpg,0.03 MB,Mon Aug 21 23:44:40 2023
Ecological-Medium-Fat-Milk_005.jpg,0.03 MB,Mon Aug 21 23:44:40 2023
Ecological-Medium-Fat-Milk_006.jpg,0.02 MB,Mon Aug 21 23:44:40 2023
Ecological-Standard-Milk_001.jpg,0.02 MB,Mon Aug 21 23:44:40 2023
Ecological-Standard-Milk_002.jpg,0.02 MB,Mon Aug 21 23:44:40 2023
Ecological-Standard-Milk_003.jpg,0.03 MB,Mon Aug 21 23:44:40 2023
Ecological-Standard-Milk_004.jpg,0.03 MB,Mon Aug 21 23:44:40 2023
Ecological-Standard-Milk_005.jpg,0.02 MB,Mon Aug 21 23:44:40 2023
Ecological-Standard-Milk_006.jpg,0.03 MB,Mon Aug 21 23:44:40 2023
Natural-Oatghurt_001.jpg,0.02 MB,Mon Aug 21 23:44:40 2023
Natural-Oatghurt_002.jpg,0.02 MB,Mon Aug 21 23:44:40 2023
Natural-Oatghurt_003.jpg,0.03 MB,Mon Aug 21 23:44:40 2023
Natural-Oatghurt_004.jpg,0.02 MB,Mon Aug 21 23:44:40 2023
Natural-Oatghurt_005.jpg,0.02 MB,Mon Aug 21 23:44:40 2023
Oat-Milk_001.jpg,0.02 MB,Mon Aug 21 23:44:40 2023
Oat-Milk_002.jpg,0.02 MB,Mon Aug 21 23:44:40 2023
Oat-Milk_003.jpg,0.02 MB,Mon Aug 21 23:44:40 2023
Oat-Milk_004.jpg,0.02 MB,Mon Aug 21 23:44:40 2023
Oat-Milk_005.jpg,0.02 MB,Mon Aug 21 23:44:40 2023
